Comments,Positive,Neutral,Negative
I love you Cory. You're my favorite.,1,0,0
I love u cory,1,0,0
Did Cory get his money?,0,1,0
Congratulations for 50.5 Million subscribers,1,0,0
You are awesome,1,0,0
I love you Cory,1,0,0
"Toilet paper hog, takes the toilet paper from others, keeps it for himself and doesn't give it back. An idea for Quarantine Stereotypes. Obviously, like all of your videos it's gonna be a banger, even if this doesn't get featured in it.",1,0,0
I love you Cory,1,0,0
"Dude Perfect has totally run out of ideas...
 
 OVERTIME 16: Segment 1 Cool Not Cool!
 Segment 2 Cool Not Cool!
 Segment 3 Cool Not Cool
 Segment 4 Cory Unfortunate!",0,0,1
Who cut the Videos?,0,0,1
I counted it in my head and I got 61 in absurd returns,0,1,0
I love you cory,1,0,0
I have a great idea for you guys which is bow and arrow fishing battle?ü•??ü§Ø?ü§©?ü•??üòé?üíô?ü§é?üíõ?üíú?üíö?ü§ç?üß°?üòÇ?üôè‚ù§Ô?è?üñ§?ü§£,1,0,0
I love u Cory,1,0,0
I hate it!!!!!!!!!!!!!!!!!!!!!,0,0,1
I love you Cory,1,0,0
Poor Cory.,0,0,1
Thank you,1,0,0
i love you corey,1,0,0
I lov u Cory (I feel bad),1,0,0
Make this comment have 1 like,0,1,0
I love you CORY!!!,1,0,0
We love you Cory,1,0,0
I guess I love you Cory,1,0,0
I love you guys,1,0,0
"Garrett, TT and Cody have the most super cools (tied at 4) and Coby has the least, with only 2 super cools... so Coby (not Cory) has to get a majority cool or will get a one game suspension",1,0,0
You are the best cory,1,0,0
You should keep it,0,1,0
may the 11 is my birthday,0,1,0
Why are you not 2 meters away from each other,0,1,0
I love you Cory,1,0,0
"""Super Not Cool""
 *Not super cool*",0,0,1
"You should do for the quarantine stereotypes, the rage monster for being in quarantine for so long.",0,0,1
Mabey for the next overtime you guys should do Just Dance in the Gameroom.,0,1,0
As we speak I'm as old as dp,0,1,0
Video idea.. Quarantine Stereotypes,0,1,0
OvErTiME 15teeN. Do live stream tomorrow plz,1,0,0
I love u Cory,1,0,0
Rage monster 2.0,0,1,0
I love you cory,1,0,0
I love you CODY,1,0,0
I love you cory,1,0,0
like to be awarded the ruby ‚Äã‚Äãbutton?üòÄ,1,0,0
your the best cory,1,0,0
yall better make bucket list ep. 2,1,0,0
I love you cory,1,0,0
I love you cory,1,0,0
PLEASE do some quaratine sterotypes!!!,1,0,0
Team tt,0,1,0
I love you Cary,1,0,0
"I love you, Cory! Bruh sorry that you keep getting chosen
 
 
 iiii do not appreciate it",1,0,0
i am huge fan Dudes,1,0,0
I love you cory,1,0,0
You should call it Cory unfortunate,0,0,1
I love you guys 1000% you are the best YouTube or's I really love you so much and I really hope you can make a awesome really really cool so thanks guys do you perfect,1,0,0
Life hacks,0,1,0
"I love u cory
 
 I hope yee do another stereotypes plz",1,0,0
The Quarantine eater,0,1,0
Gudi naiti,0,1,0
GET A FREAKING CAT CORY,0,0,1
Tudo naiti,0,1,0
GOOOO CORY!,0,1,0
I love you Cory,1,0,0
13:34 why is it 2019,0,1,0
I love you Cory,1,0,0
"I love u
 Cory",1,0,0
Imagine if Garrett got Be Garrett's butler for a day,0,1,0
I love u cory,1,0,0
I love you Cory,1,0,0
"Nobody literally 
 
 
 
 
 
 
 
 Tyler's sweet patches under his arm",0,1,0
cory only hated garretts item for revenge,0,0,1
10:23 ?üòÇ,0,1,0
I love you Cory!!,1,0,0
"New video idea, scare your wives and each other!",0,0,1
Did anyone se that the ausurd recurds sign looks different,0,1,0
That was bad,0,0,1
Love you Cory!,1,0,0
Go Cory,0,1,0
I love you Cory,1,0,0
Quarantine Stereotypes ‚Äú It's not that bad..‚Äù guy This person under estimates the importance of self isolating and staying healthy.,1,0,0
New thumb nail!!,0,1,0
I love you Cory,1,0,0
You are worse then me challenge me,0,0,1
The person who disinfects everything he see's or workout at home guy.,0,1,0
I love u Cory,1,0,0
Did anybody see Cory's foot go over the line because I definitely did and they still counted it,1,0,0
Can you make a QUARANTINED STEREOTYPES?,0,1,0
Rage monster that destroys the entire DP office.,0,0,1
I love you cory,1,0,0
Cody always is the only one to not cool,0,0,1
I did garret is the coolest,1,0,0
i love you cory,1,0,0
I love how the neon sign looks overlaping over the gray.,1,0,0
I love you cory,1,0,0
its grows when he eats dog food lol,0,1,0
I hate you Cory,0,0,1
For quarantine you should do a guy that doesn't care about the social distancing,0,0,1
Everyone except Tyler has spun the wheel he should,0,1,0
has Cory ever played soccer,1,0,0
We love u Cory don't let it get to you,1,0,0
I love you cory,1,0,0
I hope you guys going to come hungary for an audience meeting,1,0,0
For next weeks stereotypes the early riser,0,1,0
8:10 what song is that,0,1,0
Ned be a lil physical over there w the mic?üòÇ,0,1,0
Me and my friends said you should do video game stereotypes,1,0,0
I love you Cory,1,0,0
Nice guys I love you,1,0,0
Are y'all really gonna do it live on May 11 if so how do I watch?,0,1,0
We like it Cory,1,0,0
when does the next bucket list video come out + ily vids,1,0,0
I LOVE YOU CORY,1,0,0
I hate you Cory,0,0,1
I love u Cory,1,0,0
why was this taken down for a bit?,0,1,0
We love u Cory,1,0,0
Love you Cory,1,0,0
I love dogs,1,0,0
Ty you are the best,1,0,0
I love you Cory!!!!!!!!!!!!!!!!!!!!!!!,1,0,0
"Gotta respect the cottons
 Cory has made it thru every punishment
 Coby lost so many battles
 They're tough",1,0,0
i thought tyler was rage monster,0,0,1
I love you cory,1,0,0
we love u cory lol,1,0,0
Can I please get a shout out at Reed Richardson YouTube,0,1,0
I love you Cory ?üòÇ,1,0,0
Cory is so unlucky with wheel unfortunate,0,0,1
Where's your 50mil award,1,0,0
can you do Quarantine Stereotypes,0,1,0
RIP Corry,0,1,0
"Guys to be be honest this is the best overtime video, SOS CORY",1,0,0
The name should not be wheel unfortunate it has to be cory unfortunate,0,0,1
lAdIeS AnD GEntLEMeN WeLcoME TO oVer Time FIVe TeEN 0:03,1,0,0
Yes the ants will have a heist to get the candy and shut off the power so they can get the candy.,0,1,0
The overs reactor wears a bio hazard suit and cleans everything with acid,0,1,0
The show is called Cory unfortunate,0,0,1
I love you cory,1,0,0
I love you Cory,1,0,0
Panda is Jeffery Toney!!!,0,1,0
I love you guys,1,0,0
Luv ya cory,0,1,0
Cory you can do it,1,0,0
yeeeeeeeesssssss,0,1,0
I love you Cory,1,0,0
cody should get a 2 day suspension cuz he dislikes anything,0,0,1
NHL 20 stereotypes (video game stereotypes),0,1,0
I hate you cory,0,0,1
Let's go quarantine stereotypes,0,1,0
Your not six feet a part,0,1,0
"""Eat Dog Food Like Cereal""
 
 Meh I'm still waiting for Own a Cat.",0,1,0
I love you Ty not as much as cory,1,0,0
My name is corey but it's spelled how Ireland Spell it,0,1,0
I'm coming to your show at Lincoln but a huge bummer its posted thow my real name is Easton I got my moms old phone,0,0,1
"Super cool count:
 
 Gar: 4
 Coby: 1
 Ty: 4
 Cody: 4
 Cory: 3
 
 Most uncool:
 
 Gar: 0
 Coby: 1
 Ty: 1
 Cody: 3
 Cory: 3",0,0,1
Are you guys still going to orlando in may?,0,1,0
I love u Cory,1,0,0
Do another rocket battle,0,1,0
Yay the OT is back,1,0,0
i betcha the wheel spinner will be tyler or cody,0,1,0
Or you could do the clueless guy who wears a mask but it's not over his nose and/or mouth,0,0,1
Hi,0,1,0
I love you cory,1,0,0
and my idea is something like mom gone crazy,0,1,0
I've eaten cat treats with ranch so I know how Cory feels,0,1,0
i literally guessed a couple days ago that there would be a quarantine stereotypes (no kidding),1,0,0
What happened to the bucket list,0,1,0
you guys should do gaming stereotypes it would be cool,1,0,0
i love you cory,1,0,0
Wait next stereo types Cory should be the rage monster!,1,0,0
"Mr overload 
 
 
 
 
 Cory u unlucky",0,0,1
I was team Coby anyway co I pretty much would have said I luv u Cory anyone,1,0,0
There is a camera on the candy dispenser! He would know!!!!!!:-),0,1,0
You're the best people I could ever see I love your videos,1,0,0
Ned forgot to take off his coat!!!!,0,1,0
Do the sleeper for the quarantine stereo types also do the video gamer YouTuber .,0,1,0
video suggestion bingo stereotypes,0,1,0
"The hoarder, the prepper, the overeactor, the too late to the store, the rage monster. Please like.",1,0,0
wheel unfortunate suggestion hair cut like an old guy,0,1,0
hi,0,1,0
"Hey dudes, I have a fun idea. Whenever you guys do a team battle, the losing team should spin Wheel Unfortunate, and the they go to Judge Dudy, and they choose one of the members of the losing team to do the punishment",0,1,0
"Quarantine Stereotype: The no social distancing guy, the guy who wraps up himself with all sorts of protective gear even he is at home",0,1,0
Can't wait for the quarantine stereotypes would be amazing,1,0,0
Wow first not super cool,0,0,1
The first science part in cool not cool,1,0,0
Where is Ned foresters glasses,0,1,0
Imagine just recording yourself and your friends shooting trickshots and end up on stage in front of thousands of people,1,0,0
I love you Cory,1,0,0
How are they gonna do the concert with the Coronavirus huh.,0,1,0
"Dude , Cory don't feel bad once I ate pedigree mouthful thinking it to be my cereals.",0,0,1
I am older this channel by 3 days,0,1,0
Bucket list,0,1,0
Should we make ‚ÄúQuarantine Stereotypes‚Äù ?,0,1,0
Can I call you can you give me your phone number Tyler,1,0,0
Always wanted to be with you guys but not this year,0,1,0
Wow,1,0,0
Airsoft battle 3 like,0,1,0
Yo why did they delete there overtime video,0,1,0
WHAT HAPPENED TO OVERTIME 15?,0,1,0
yes quarantine stereotypes! My mom would love that!,1,0,0
yes,1,0,0
"Nice one, ?üî• 
 
 Let's stay connected, thanks",1,0,0
WHY WAS OVERTIME 15 TAKEN DOWN!!????? I'm concerned! :(,0,1,0
What happened to overtime? It got deleted,0,1,0
what happened to OT 15?!?!?!,0,1,0
U r the best,1,0,0
"YES,I love your videos and I LOVE the channel,ME AND MY BROTHER ARE BIG FANS AND WE WOULD LOVE TOO SEE A NEW VIDEO.",1,0,0
These guys are really bad at social distancing,0,0,1
"Hey guys... wanted to suggest a new channel during covid quarantine! It's called Royce & Bekah, and they have really great content that deserves more subs! I know they'd appreciate the love, especially in this hard time!",1,0,0
What happened to overtime 15?,0,1,0
Why did u guys delete OT 15!!!,0,1,0
Where is their Overtime 15 video,0,1,0
I am a big fan of dude perfect I have all of them marche,1,0,0
nice,1,0,0
"Hi amazing Dude Perfect, we really love your content so much and wanted to ask wether you would take part in our contest ""Things that definitely should NOT sing!"", which we just started on our channel. We would really appreciate it!!! Big cheers, UP&DOWN",1,0,0
50 M subs!!!!!,1,0,0
hey....you guys are really the best ....you have inspired us so much already ...me and a couple of my friends just started a youtube channel sometime back and we posted a couple of videos...i think its not too bad so go check it out and please do subscribe...and..im really looking forward to your doc...love you guys sooo much ...peace out yall.,1,0,0
Guys please do rocket battle 3,0,1,0
You should call up Denton crutchfield and ask him to join,1,0,0
Did overtime 15 get taken down? I'm not seeing it for some reason,0,1,0
Where did Overtime 15 go?,0,1,0
Yes you should!!!!,1,0,0
What happened to OT 16!!!!!,0,1,0
great video!,1,0,0
nice video!,1,0,0
why are OT 15 deleted!?,0,1,0
wait why was overtime 15 copyrighted...?,0,1,0
so bad your overtime 15 got copyrighted just as i was watching it,0,0,1
dang its hype,0,0,1
This is getting me pumped for the Jacksonville show in the tour,0,1,0
Dp,0,1,0
Let's Go DP!,1,0,0
Post the paper airplane battle 2,0,1,0
Why can't you make us to see ur fails post a video of fails,0,0,1
Dude perfect you should go to the Bryce Jordan Center in State College Pennsylvania on your next tour because I really wanna meet you guys,1,0,0
Do vacation stereotypes after the quarantine stereotypes,0,1,0
I am a child and by the way garret I'm a EXSTREMLY BIG FANNNNNNNNNN ?üòÅ?üòÅ?üòÅ?üòÜ?üòÅ?üòÑ?üòÑ?üòÜ?üòÜ?üòÅ?üòÑ?üòÉ?üòÉ?üòÉ?üòÜ?üòÑ?üòÉ?üòÑ?üòÜPLEASE RECOGNIZE ME.AND YOU ARE THE BESSSTTTT,1,0,0
Congrats on 50 mil,1,0,0
To bad there not coming to oklahoma ?üò??üò??üò? but I have met Tyler and garrwt,0,0,1
I'm so excited for the documentary,1,0,0
Nooooooooooooo tour is cancelled,0,0,1
Go tu VAVAAN YouTube chanel,0,1,0
Yes,1,0,0
This is how many people who want stereotypes to come back,1,0,0
Hey guys can you come to Indianapolis Indiana after quarantine for a meet and greet thank you,1,0,0
been subed for about 4or 6,0,1,0
is the Documentary going to postponed,0,1,0
When may11 is your birthday.,0,1,0
Hi hello,0,1,0
Who else is a fan of Markiplier and Dude Perfect,1,0,0
Come to Australia.,0,1,0
They hit 50 million subs so there getting a special play button like pew die pie,1,0,0
sans SANS,0,1,0
I am from India tamilnadu,0,1,0
Turkish suktidle,0,1,0
Dude perfect please please do a bass fishing battle 2,1,0,0
everytime i go on yt i always look at dp 1st i never want them to quit just like old school trick shots there going to 95!!!!!,1,0,0
quarentine sterytopes,0,1,0
20 year legacy!!!!!!!!!!,1,0,0
are you ever gonna do a tour that comes to Hawaii after quarantine? If so i would go because i have already been here for 4 years and am gonna stay here for 3 more,0,1,0
I would definitely love a quarantine stereotypes video I would also like a school stereotypes,1,0,0
Que genial jajajjaaaj xdxdxd,0,1,0
Yes,1,0,0
This is the best,1,0,0
That's seven days before my birthday wow.,1,0,0
"Me: *see's Title and thumbnail*
 
 Me after seeing title and thumbnail: *Is this the end?*",0,1,0
i subscrided,1,0,0
dudes i am a big fan,1,0,0
Yes make quarantine stereotypes,1,0,0
Is it true that you can get a backstage pass,1,0,0
You guys do have the best fan because we are the best people,1,0,0
Congrats for 50 mill keep up the great trick shots this is great content when we're quarantined,1,0,0
Look at my name and do it!,0,1,0
Nice,1,0,0
You people are the best,1,0,0
BBBB (Bring Bottle Busters Back)!,0,1,0
I can't wait for this holy,0,1,0
Hi,0,1,0
Every body subscriber to jelly,0,1,0
Got goosebumps,0,1,0
Hi guys! I'm fr Hungary and your outrow the szia say hungary the hello?ü§ô?üëè?üí™?üëç,0,1,0
Wish I could meet you guys in real life but the probloem is I live in the Philippines ?ü•??üò©?üôÅ?üòï?üòû?üòî,1,0,0
"Is it...is it weird i started crying?
 
 I just need to say that Dude Perfect, TT, twins, Cody and Garret, you've come so far. After all these years you've warned my heart enough to make me cry at the sight of a single trailer, and I'm excited for this. You really have changed and inspired so many people, and I hope you can continue to do so for many, many years to come.",1,0,0
"tyler, coby, cody, cory ,garrett and the editors you guys have given me such a fun time when i was stuck at quarantine. This show was like a friend to pls dont stop i love you guys",1,0,0
the 1.3k dislikes are from the people who left the hospital and just got cured before they came,0,0,1
how are you going to do the tour with corona around,0,1,0
the documentary comes out on my birthday yaaaayyyyyyyy :),1,0,0
I am your biggest fan in the world,1,0,0
yes,1,0,0
"Thanks for watching guys! Also, HUGE announcement coming next week...stay tuned!",1,0,0
Covid-19 got me rewatching,0,1,0
3:43 he got it in the hoop...,0,1,0
they all thought they won (..),1,0,0
team Garret all the way!!,0,1,0
Best content,1,0,0
plz,0,1,0
higive me a shout out,0,1,0
Does dude perfect respond to comments?,1,0,0
Why did u guys delete OT 15!!!!,0,1,0
Where is their Overtime 15 video,0,1,0
Do a paintball blindfold,0,1,0
Like si eres Mexicano,1,0,0
These guys are going to be the second channel that reach 100M subs,1,0,0
so funny!,1,0,0
so sad to see your new video getting copyrighted while watching it,0,0,1
Team Coby for life BOI,0,1,0
"Tyler: ‚ÄúYou dog, You Dirty dog‚Äù
 Me: Isn't it panda?",0,0,1
"At 00:40 ‚ÄúOnly mildly violent dart tips.‚Äù What if he shoots you in the neck, dude? Yikes",0,0,1
Team Coby !!!!FOREVER!!!!!!!,0,1,0
Panda ROCKS,1,0,0
team coby for life!! !!,0,1,0
Coby honestly deserves that win,1,0,0
Their intro is still so sick,0,0,1
3:44 ty made it in the hoop,1,0,0
Cool,1,0,0
Subscribe to blayden Kelley,0,1,0
Kind of like sketches new avatar in Roblox but in 3D and doing archery,1,0,0
Kind of like Sketch's new avatar in Roblox,1,0,0
What's that song called lol,1,0,0
3:02 that's what he said,0,1,0
"Can
 I be panda",0,1,0
who thinks over time is better without the twins,0,0,1
did he say panda is joe.,0,1,0
This is the funniest battle of all time HAHAHA!,1,0,0
Hey in round 2 Tyler's arrow went through the basketball basket,0,1,0
Coby was insane it was crazy,1,0,0
"Subscribe to my YouTube channel to support me, thank you everyone",0,1,0
I lov you ty,1,0,0
panda is cool that time,1,0,0
3:43 look at the basketball hoop,0,1,0
Garett lol,1,0,0
"Don't forget to visit my YouTube channel account...?üòâ...
 
 (Subscribe)",0,1,0
Didn't dude perfect say they would reveal panda at 50 million? Like so dude perfect can see,1,0,0
At 6:39 Panda twitches and i laughed for like 10 minutes straight.,1,0,0
We are we are we are on top of the world,1,0,0
go coby,0,1,0
This has got to be one of my Top Dude Perfect vids of All Time! This Archery ?üè? Battle was epic!,1,0,0
11001 comment,0,1,0
please do quarintine stereotypes,1,0,0
"I just realized garrett won after being somewhat nice to ty and coby letting them have 2nd place if they wanted.
 Meanwhile coby was overconfident on winning and ty asking for 2nd for a better score",1,0,0
"they should have worn vr goggles so they could only see what their gopro sees, and they could attach it to their foot or something",0,0,1
Great video peep my recent like and sub dude perfect i have you a challenge and i bet yall cant beat it get me to 1k subs,1,0,0
pandas name is joe 7:17,0,1,0
I'm definitely team Cory,1,0,0
"Garrett: I think I am just going to stay on the wall
 Me: SAME",0,1,0
Muy divertido,0,1,0
Do more bucket lists,0,1,0
I would just lay down on the ground!?üòÇ,0,1,0
Oh gosh love it stay 6 FEET!,1,0,0
can we talk about how ty made the arrow into the hoop at the same time he popped the balloon in the second round?,1,0,0
What model bows are they using? I want to buy a couple. Anyone?,1,0,0
3:43 am i the only one that saw it went in the hoop?,0,1,0
ever wonder who panda is,0,1,0
This was painful to watch ?üòÇ,0,0,1
panda identity can be revealed if someone see carefully his shoe and try to match with some editor if it had been weared before........I am on it .,1,0,0
I love you guy,1,0,0
Trick shot vid idea go kart Basketball or a tournument,0,1,0
At at least dude perfect is entertained in this quarantine time XD,1,0,0
PURPLE HOSER SQUADDDD,0,1,0
In the second round,0,1,0
Did anyone else see Tyler‚Äòs arrow go in the basketball net in time 3:45,0,1,0
I dont like tyler winning,0,0,1
They should do school,0,1,0
Ou shet i dont speak eanglish,0,1,0
PART 2 PLS,1,0,0
Ha you also made it in the hoop,1,0,0
The panda is cute,1,0,0
Can someone please tell me the battle wins and points,1,0,0
Tf2 huntsman in a nutshell.,0,1,0
Robux,0,1,0
I like everything about the video,1,0,0
Garrett with them strong performances lately,1,0,0
sub to outside skills,0,1,0
Hello,0,1,0
This is really funny to watch,1,0,0
Have you ever tried blindfolded archery? You don't know what you're missing.,0,0,1
Team coby for life BABYYYYYY,0,1,0
Fake. They can see. Notice how none of them get hit by an arrow in the 1st round.,0,0,1
Did anyone else see that Tyler's arrow went into the basketball goal when he hit Cody's balloon,0,1,0
Blind fold ?üò± cool,1,0,0
yay yay yall are awesome yall expired me and my friends to start a channel thank you,1,0,0
I think Chad is panda,0,1,0
Yo that looks fun,1,0,0
hei ur perfect !!!,1,0,0
lets be honest who is actually on team cory,1,0,0
Who else loves garrets face on the video,1,0,0
Anyone else see that in round 2 when Tyler popped Cody's balloon he also sunk it in the basketball goal?,0,1,0
can't wait! :),0,1,0
i am team coby all the way go cobes,0,1,0
DP if you guys see this i am so happy watching your videos,1,0,0
Team coby,0,1,0
Srry but I'm team tyler for life,0,1,0
I love you guy I think you are the best YouTube,1,0,0
team coby!!!!!!!!!,0,1,0
Team coby FOREVER,0,1,0
Opps sorry,0,0,1
Team coby,0,1,0
Why did u guys delete OT 15!!!,0,1,0
les go coby,0,1,0
Coby there is a time you will shine.,1,0,0
Team coBy for life,1,0,0
50 MILLIOOOOOOOOOONNNNNNN GG,1,0,0
COBY,0,1,0
Team cob for life,0,1,0
"Coby coby coby
 Coby Coby 
 Coby",0,1,0
Team Coby Forever !!!!!!!!,0,1,0
Lets make DP 100 Million subs....,1,0,0
Team cobe ?üçµ,0,1,0
Let's goo Coby!!!!,0,1,0
Like this for Cody!?üëç?üèª,1,0,0
What actually happened to Cody's arm? I know he had surgery but why,0,1,0
"goooo cobyyy
 
 
 okk now im gonna erase that...",0,1,0
Coby coby coby!!,0,1,0
Coby is the Chandler in MrBeast,0,1,0
And so do the rest of you,0,1,0
Garrett RULES!!! :),1,0,0
coby,0,1,0
team coby 4EVER,1,0,0
"Stereotypes that NEED to happen:
 
 
 Theme park
 
 Halloween
 Birthday
 School
 Thanksgiving 
 
 New Years
 April Fools
 Airport
 Pool
 Zoo
 Farm 
 Video games
 Easter
 Quarantine
 Cooking
 Valentines 
 Music
 Wedding",0,1,0
team coby,0,1,0
Team coby,0,1,0
Go coby,1,0,0
2:30 look at Tys face,0,1,0
Team Ty all the way,1,0,0
cody you got this,1,0,0
Team coby for life,1,0,0
I want to live in there house,1,0,0
Coby,0,1,0
At 3:30 Cody's laugh thou ?ü•?,1,0,0
I love dude perfect I am a huge ?ü§ó huge huge huge huge huge fan I have seen all of your videos,1,0,0
"No one
 
 
 
 Not anyone 
 
 
 
 
 
 Not anything anywhere 
 
 
 Tyler: ‚ÄúYoU HoP On YoUr SkOoTeR aNd GrAb YoUr ShOoTeR!!‚Äù",0,1,0
"Hug for hug please help me with my channel‚ù§Ô?è
 I want to reach 1k",0,1,0
Team Coby forever,1,0,0
Coby was so close yet he failed?üò?,0,1,0
"Subscribe to my YouTube channel to support me, thank you everyone",0,1,0
Who is panda,0,1,0
coby,0,1,0
I like you all bro,1,0,0
"CODY: ''REMEMBER YOU JUST CAN""T GET LAST THAT""S THE GOAL HERE.''
 ALSO CODY BUT 2 MINUTES LATER: GETS LAST PLACE",1,0,0
Nice. I love Tyler,1,0,0
Wo w,1,0,0
cody you will next time,0,1,0
Hello,0,1,0
?üòçCOBYCOBY,0,1,0
In indonesian mana suaranya bg??,0,1,0
I have been a Garrett fan for 5 years,1,0,0
It makes me jealous to see a foam pit where all the squares aren't ripped up.,0,1,0
Noooooooooooooooooooooooooooooooooooooooooooooooooooooooooooooooooooooooooooooooooooooooooooooooooooooooooooooooooooooooooooooooooooooooooooooooooooooooooooooooooooooooooooooooooooooooooooooooooooooooooooooooooooooooooooooooooooooooooooooooooooooooooooooooooooooooooooooooooooooooooooooooooooooooooooooooooooooooooooooooooooooooooooooooooooooooooooooooooooooooooooooooooooooooooooooooooooooooooooooooooooooooooooooooooooooooooooooooooooooooooooooooooooooooooooooooooooooooooooooooooooooooooooooooooooooooooooooooooooooooooooooooooooooooooooooooooooooooooooooooooooooooooooooooooooooooooooooooooooooooooooooooooooooooooooooooooooooooooooooooooooooooooooooooooooooooooooooooooooooooooooooooooooooooooooooooooooooooooooooooooooooooooooooooooooooooooooooooooooooooooooooooooooooooooooooooooooooooooooooooooooooooooooooooooooooooooooooooooooooooooooooooooooooooooooooooooooooooooooooooooooooooooooooooooooooooooooooooooooooooooooooooooooooooooooooooooooooooooooooooooooooooooooooooooooooooooooooooooooooooooooooooooooooooooooooooooooooooooooooooooooooooooooooooooooooooooooooooooooooooooooooooooooooooooooooooooooooooooooooooooooooooooooooooooooooooooooooooooooooooooooooooooooooooooooooooooooooooooooooooooooooooooooooooooooooooooooooooooooooooooooooooooooooooooooooooooooooooooooooooooooooooooooooooooooooooooooooooooooooooooooooooooooooooooooooooooooooooooooooooooooooooooooooooooooooooooooooooooooooooooooooooooooooooooooooooooooooooooooooooooooooooooooooooooooooooooooooooooooooooooooooooooooooooooooooooooooooooooooooooooooooooooooooooooooooooooooooooooooooooooooooooooooooooooooooooooooooooooooooooooooooooooooooooooooooooooooooooooooooooooooooooooooooooooooooooooooooooooooooooooooooooooooooooooooooooooooooooooooooooooooooooooooooooooooooooooooooooooooooooooooooooooooooooooooooooooooooooooooooooooooooooooooooooooooooooooooooooooooooooooooooooooooooooooooooooooooooooooooooooooooooooooooooooooooooooooooooooooooooooooooooooooooooooooooooooooooooooooooooooooooooooooooooooooooooooooooooooooooooooooooooooooooooooooooooooooooooooooooooooooooooooooooooooooooooooooooo COBY,0,0,1
Team T,0,1,0
Go coby,1,0,0
"the cutouts were made from somebody elses body shape, so most of them don't fit, even though they are doing the correct pose.",0,0,1
Coby,0,1,0
Coby,0,1,0
You guys are awesome but STAY 6 FEET!,0,0,1
team coby for life,1,0,0
"2:06
 Darkjoke :v",0,1,0
Let's go coby,1,0,0
TEAM COBY LETS GO!!!!!!!!,1,0,0
Coby,1,0,0
Team Coby,1,0,0
"tyler bruise like a peach , who missed it?",0,0,1
"Who else comes from snapchat
 ?üòÇ‚úå?üè?",0,1,0
Go tyler,1,0,0
Im is team tyler,0,1,0
I dont like tyler winning,0,0,1
Testing,0,1,0
i think panda is either chad or tim,0,1,0
Where do y'all learn how to do all this cool stuff y'all do,1,0,0
My money was on coby from the beginning,0,1,0
Team Coby!!!,0,1,0
sub to outside skills,0,1,0
Team coby for life,1,0,0
Your dp looks like jp,1,0,0
You guys always rocking thumbs up ?üëç for you,1,0,0
I really want to see you guys in your show but I live in CA not Texas?üòî,1,0,0
Cobbbbby L,0,1,0
Get well soon,1,0,0
I am a fan of your overtime videos,1,0,0
go coby,1,0,0
If you always draw blood then then make it safer,1,0,0
Coby!,0,1,0
Team Tyler and twins and garett,0,1,0
Team Tye for life!!!,1,0,0
Hey. Me and my friends are the Dude Perfect Kids. As the Geometry Kids. ( Geometry wars kids),1,0,0
Cody: Make the best chair. Cory: I think I am going to make a bench,0,1,0
Wheel unfortunate 3 2 1 cory spin that wheel waxed pits that unfortunate five time,0,0,1
Please don't hate me.ive never eaten a nerds rope.,1,0,0
198 yards of nerd rope,0,1,0
75 Yers,0,1,0
What is fun dip I forgot I hate number 4 and jolly ranchers are number 2 baby bottle pop is gross so gross,0,0,1
Hi Tyler,0,1,0
PAYDAY is definitely the most underrated candy bar EVER!,1,0,0
Reese's is definitely top billion. It is best movie of all time. I love you guys I have seen all of your videos at least 10 or more times.,1,0,0
8:12 This is why you watch Overtime,1,0,0
I'm coming to show wow live in Nebraska sold out in 1 week,1,0,0
I have eat 100 yards,0,1,0
How about a Kit cat,0,1,0
The magician Harris the 3rd came to my school not to long ago,0,1,0
About 86 yards,0,1,0
Ty likes old candy if you think that to like peleas,1,0,0
The dab is always dead,0,0,1
"Bucket list:
 Leave the house",0,1,0
Did any one else see when Cody got excited about flying a jet he hit Garret in the face? Just me? It was around the 14:20 area lol,0,1,0
Who's watching this in 2020? Jk the only people that say this have 1 sub and are thirsty for likes.,0,0,1
The blue Angel's flying was on land,0,1,0
do one to do with spaceships,0,1,0
next time you should climb a mountain,0,1,0
dudeperfect upload more videos like adventure,1,0,0
This is literally the best dp video yet,1,0,0
13:25 was the happiest moment of my life,1,0,0
"Happy New Year er'body!!
 FOR REAL thank you for watching. We love y'all.
 2020 vids are gonna be ?üî•
 2 NEW ?üì? series ‚Äî can't wait
 ?üëä?üèº?üôá?üèª",1,0,0
1:13 where's his car?,0,1,0
Any Brits agree that field hockey is better,0,0,1
New iPhone stereotypes,0,1,0
Ty got a muffin of a shot,0,1,0
Who thought of that name 4:18,0,1,0
3:57 anyone else see Tyler seguin using the nexus adv?,0,1,0
Hi Tyler I really loved your hockey trick shots video,1,0,0
Tyler seguin looks like an athletic Kevin Smith,0,1,0
"4:07
 Swear there was a farting noise",0,0,1
"Dude Perfect is the perfect quarantine binge, it's just impossible with this terrible generic pop music they have every video",1,0,0
Fake,0,0,1
Don't want to hate but have you seen Jamie ben tape job,0,0,1
Where were the twins?,0,1,0
Like for hockey,1,0,0
Draw on my arms so I can show me MUSCLES MMMMMMM,0,0,1
Gotta love Tyler's laugh,1,0,0
where's your goalie mask,0,0,1
Who else watched this and then immediately went and watched the old one,0,1,0
8:33 who else thought that was gonna hit the scoreboard,0,1,0
Instead of dude perfect dude I got a talent,0,0,1
How the season ended: 3:23,0,1,0
4:52 since when was Chandler a part of the DP crew? No one told me this!,0,1,0
"Nobody 
 
 
 
 
 
 Cody: casually wearing shorts on the ice rink",0,1,0
Dude perfect you are the best!!,1,0,0
"My favorite sport, hockey, when DP finally makes a vid about it I see that its the 4th least viewed video in their history",0,0,1
Anybody else see Jamie's tape job I bet he has to re tape all the time,0,0,1
"My top 3 teams are 
 1 Blues
 2 Washington Capitals
 3 Stars",1,0,0
And please add the rage monster please,0,1,0
Can you make type of hockey players to perfect,0,1,0
"Dude Perfect Intro:Aaa Aaaaa Aaaaa.
 Me:This video is gonna be lit.",1,0,0
I love panda like if you too,1,0,0
"From one hockey player to your tricks shots love your channel been following for years dude perfect, check out my quick flipping tricks at my YouTube channel shutout kings",1,0,0
I love hockey and I got a great shot also I love Michigan I'm 13 I've played hockey since I was 4,1,0,0
They should do a pavel barber edition,0,1,0
Did ya slap the panda costume on Corey Perry? May as well rounder out with three Canadians ?üëç,1,0,1
song name,0,1,0
?üôÖ?üèº‚Äç‚ôÇÔ?è,0,1,0
"I believe the phrase went something like this, ""Over the river and through the woods to grandmother's house we go...""",1,0,0
Hockey football baseball,0,1,0
And it's the best sport,1,0,0
Hockey's the best,1,0,0
How do the editors do the green thing,0,1,0
Nice to see a shot named after my birth state.,1,0,0
hockey is the sport,0,1,0
"Hello i like yours v??deos, What is your name?",1,0,0
Go blue jackets,0,1,0
My fav dude perfect of all time. After watching all of them 10+ times each. ?üòÇ?üòÇ?üòÇ,1,0,0
"‚ÄúThis is the 7-10 Split‚Äù
 
 Aw, come on ! No shoutout to Belmo ! Jk",0,1,0
"dude perfect your videos are great, but special thanks to the person who pick the songs, fire on up is an amazing song",1,0,0
"Here's something for you bucket list ""GO To SPACE """,0,1,0
Wow Coby wasn't in the video till the end,1,0,0
who else enjoys the music,1,0,0
who else thinks that Tim the dp editor should be in more trick shots video?,0,0,1
Any small youtubers wanna support each other,0,1,0
Chubs is the actor from the movie Happy Gilmore,0,1,0
Who saw Jamie's tape job! He literally plays like that,0,1,0
more hockey videos trick shot rollerblade,0,0,1
What happened to cory's arm??,0,1,0
The self proclaimed masters of sports have to pull in guys to film a video because only try can actually skate,0,1,0
8:35 He might have paid his contract to a new Jumbotron.,0,1,0
Amazing shots,1,0,0
I <3 Hockey! I knew who Tyler Seguin AND Jamie Benn were before this video!,1,0,0
How tired was Tim that night?,0,1,0
I actually love the song you used for this video,1,0,0
"It could also be Upper Decker Goal in one 
 Instead of Upper Deck Full Sender",0,0,1
mad shots in this video,1,0,0
2:54 wow tim is a trick shooter,1,0,0
Finally someone is giving paper kings the recognition they need,1,0,0
at 8:45 you can see the pucks down the bottom left of the screen. Need to hide these,0,0,1
this video is a some,0,1,0
Why does Ty have a Flylight?,0,1,0
1:19 i have a name. The Final Slide,0,0,1
Tim played hockey before for a long time that's why he was looking for this video,1,1,0
Where were the twins in this video?,0,1,0
i feel like all the people who didn't really care about hockey are going to be stars fans because dude perfect did a youtube video with two of their players,1,0,0
"I live in Scotland and I am a Christian. 
 I play ice hockey. I love watching your video's",1,0,0
"Birthday party stereotypes 
 
 The rigged pinata 
 Late Lucy
 
 The bummer party
 
 The ultimate party 
 
 The spoiled kid
 
 The grateful kid 
 
 Like so dude perfect can see this and comment if you have more ideas",1,0,0
Am I the only one who noticed that Jamie and Tyler have Nexus ADV's,0,1,0
Tell the Dallas stars the only reason they bet the Montr?©al Canadiens is because the refs were Dallas fans,0,1,0
They did so bad at the st. Louis blues game,0,0,1
hockey trick shots 2!,0,1,0
Please do cricket trick shots as well,0,1,0
I'll drink my bleach. Fuck you liberals !,0,0,1
I'm sniffing orderless paint thinner,0,1,0
Black people are beautiful. Just look in the mirror.,0,1,0
Even far right republicans won't inject Lysol to his body,0,0,1
Just stopped in to report you as fake news at it's lowest,0,0,1
These knuckleheads got trolled so hard over a sarcastic questioning,0,0,1
Webster said the n-word has to do with being poor.. Nothing about color.. Sorry you're being called poor you are real and a great mayor..,0,0,1
Well spoken.,1,0,0
Anyone notice her head glitching,0,1,0
Fake news!,0,0,1
Does this mean employees in Georgia must go to work while others in our country are safe at home and collecting enhanced unemployment payments?,0,1,0
*Is this news?*,0,1,0
fucking demoncrats ruin everything,0,0,1
"CULT45 members need to be told, otherwise they will put Javex and Lysol in their Kool Aide. They hang onto every word their KING45 says.",0,1,0
Why can't people go back to work if they were face masks and make sure they wash their hands and whatnot?,0,1,0
people cannot take a joke...geez. Trump gets off on riling up the left. Dont let him wag you like the tail on a dog.,0,1,0
CNN = Fake news!,0,0,1
"CNN...you guys are idiots. It was a sarcastic remark. Do some investigating. That's what reporters do, right?",0,0,1
Let them do it.,0,1,0
"If you listen to this president, you deserve to die. Let trump supporters die.",0,0,1
I can see this intelligent woman being a Senator one day,1,0,0
Trump never said inject bleach. Fake news.,0,0,1
I think Trump should shoot up with Lysol on prime time TV. His ratings would be through the roof!,0,0,1
2 TURDS TALKING SHIT,0,0,1
Wtf is trump on,0,0,1
The study out of the university of stanford shows that the Infection rate is up to 55 times what we thought. That would mean millions and millions of people had it but were fine. Only the sickest of the sick were getting tested. It's not that deadly folk,0,1,0
This Mayor needs a new toupee.,0,1,0
"What's the Twilight Zone is the US government just gave banks and mega corporations TRILLIONS and the media isn't screaming how are you gonna pay for it, how are you gonna pay for it?!?",0,1,0
Was a paramedic who survived TB this is real..,1,0,0
"What ashame this lady's not governor, she's onto it.",0,0,1
Look up hydrogen peroxide inhalation. Been using this for years for severe allergies. The guy who came up with this was a pharmacist with prostate cancer..,0,0,1
your chocolate city is a chocolate shithole. trump is the least of your worries. or the virus,0,0,1
Then extend the lockdown in your county? Denver has extended it in Colorado but it does not make sense to extend in Mountain towns.,1,0,0
"CNN is such nonsense. Your reporting is so skewed. You take quotes out of context, insert your own interpretation, and present it as truth. You are pathetic.",0,0,1
Every one that speaks honestly about Trump was amazed at how dumb he is. Now that is a fact his IQ has to be the lowest of all presidents!,0,0,1
This person is intelligent. Hope she has a good future.,1,0,0
People wanna open cause they wanna eat. Those whose pay check keeps coming in donâ€™t get it.,0,0,1
"they can open the state. As long as people/customers do their part to stay at home, the less likely this virus will spread. It is the individualâ€™s decision.",0,1,0
IF you have to be told NOT to ingest or shoot up LYSOL....your problems are much greater than this virus....,0,0,1
James Alefantis got killed by the virus. What do we do with the pizzas now?,0,1,0
Bells are tolling,0,1,0
CNN .....we see through your bull.,0,1,0
"Should of never shutdown... That was a move against the people of America, not for them",0,0,1
OPEN IT UP!,0,1,0
must be a sad feeling working at CNN .,0,0,1
"No, you don't have to tell people not to inject Lysol into their veins, you moron.",0,0,1
She should stay in her bunker like Joe Biden and Adolph Hitler.,0,1,0
"Let Georgia be the Guinea Pig, if it works it works and stop bitching. If it doesn't work, then just blame Trump because you know it's all his fault anyway.",0,0,1
ya strange times when an idiot like you can be elected mayor,0,0,1
I'm looking forward to reading about lame brain idiots actually doing it.,0,0,1
"Biden and liberals say ""Make China Great Again""",0,1,0
"Love this Mayor, smart lady!",1,0,0
CNN fake news Trump will win 2020 deal with it leftys,0,0,1
"We should corantine media from Twitter, maybe their bobble will burst",0,1,0
CNN sucks greazy grimey ballsa*k,0,0,1
If people are dumb enough to ingest or inject disinfectant I say let them suffer from their choices. Should we also tell people not to stick their hands in toasters?,0,0,1
"Stay home forever and wait for the Government to supply you with your needs. The ""Experts"" know better!",1,0,0
another stupid idiot who has no idea the amount of deaths she is going to cause.,0,0,1
"Pandemic is the enemy, yet the media has decided Trump is the enemy. The people understand what you're doing!",0,0,1
Since you are all science lovers now let's revisit trans issues such as you can't transition your sex because sex is biological.,0,1,0
Fake News...its the flu.,0,0,1
What a moron trump is...and dummies still supporting that imbecile....smh....idiots.,0,0,1
"What do you know, a responsible politician, who is pretty hot too. :-)",1,0,0
"Wow, you media clowns are such fools, it was obvious he was bullshiting you clowns, you keep asking the same dumb questions, be prepared to get stupid answers",0,0,1
Screw this Democrat walking Soldier,0,0,1
"TRUMP DID NOT TELL PEOPLE TO INJECT DISINFECTANT IN TO THEIR BODIES, NICE TRY FAKE NEWS.",0,0,1
"what fucking sperg takes a comment like inject lysol seriously? I know its trump and you hate him, but it was an obvious joke. Boomers are retards.",1,0,0
Enjoy the increased death rate Georgia!!,0,0,1
He played you dumb Liberals again! and you dopes fell for it - Hook - Line - and Sinker! Liberals are so dumb!,0,0,1
Fake news!!! Total lies!!,0,0,1
All of you DEMONCRAPS are brainwashed...utterly brainwashed. FAKE NEWS,0,0,1
"Mayor K, hang in there Atlanta is behind you.",0,1,0
in other news.....georgians are driving into ditches on way home from work 2day,0,1,0
Not the presidents fault that liberals actually believe you can inject disinfectants,1,0,0
Kemp has another agenda,0,1,0
Just wait and see. Big daddy Vlad Putin himself will come to rescue Mitch McConnel.,1,0,0
"For the suffering and death of every Republican, Moscow Mitch wants three of Democrats gone.",0,0,1
"So if your state has been spending irresponsibly for years pre-dating the Covid19 outbreak, you suddenly expect that I, the taxpayer of a completely different state, bail you out?
 
 Then you have the gall to insult me for refusing to do so?",0,0,1
Run for President Sir!,0,1,0
you take more from your citizens,0,1,0
This Governor is acting more Presidential then the President.,0,1,0
"NY is bankrupt before the crisis,vote Republicans not democrats.",0,1,0
He is so charismatic and well spoken...so refreshing,1,0,0
Biden should pick this guy for vp,0,1,0
"Bankruptcy good enough for Trump, 6 times.This proves his business acumen.",1,0,0
"All these pandemic relief fund is tax pay by all USA tax payers paying it now and in the future. All States should get pandemic relief fund so the policemen, Fireman and hospital workers 
 can be paid. These relief funds are our tax money and they are n",1,0,0
Who elected the Pelican from finding Nemo?,0,1,0
The most silenced group are the majority of Americans who are sick of trumpians,0,0,1
"""Give me my money bak Mitch, I want my money back"" damn that was mafia like talk. McConnell is a fucking clown.",0,0,1
"Police, fire, school teachers=socialism! Thanks Cuomo for finally telling it like it is!",1,0,0
Don't forget McConnell is half Chinese. Scambag,0,0,1
Cuomo President!!!,0,1,0
BALKANIZE THE UNITED STATES,0,1,0
Governor Cuomo please be our next president . Get this orange head occupier out of the White House. Trump has no balls ..,0,1,0
"He's right, you know?",0,1,0
He knows how to deal with Rethugikkklans. They make it up as they go.,0,1,0
Vote out the constipated ole hick Kentucky !,0,1,0
That's why i respect chris Cuomo . Because he have a great big brother,1,0,0
Make this guy the next America president,0,1,0
Sound like a president I want.,1,0,0
CUOMO FOR PRESIDENT!!!!!!,1,0,0
Fuck you cumbo,0,0,1
"Fuk the republicans, go to war, sick and tired of your countries bickering over fucking nonsense. Have a civil war, do away with all the republican idiots. And change your political system. The only way American avoids having someone like Trump exploit",0,0,1
Please replace Biden,0,1,0
I donâ€™t care what anyone says. This man knows way more than Trump & McConnell put together!,1,0,0
"About that damn time, a Democrat with BALLS!!",0,0,1
"Kudos to Governor Cuomo, I donâ€™t think I would have been able to use that much restraint.",1,0,0
"Biden and liberals say ""Make China Great Again""",0,1,0
I'm not gay but I love cuomo can we please convince this man to run for president in the next election. CUOMO FOR PRESIDENT!,1,0,0
#executethegop Let's kick these parasitic sociopaths out of our government and our lives!,0,1,0
This shows the lack on the part of mindless partisans to grasp the issue~ prediction >>states will start doing just that.,0,0,1
Keep up the HEAT on our Fake president and Senate!,0,0,1
"Give me back my money, Senator?",0,1,0
"because thats all they do is steal from the american people,,",0,0,1
NY had the most coronavirus patients because YOU failed them Cuomo. You knew the virus was coming but did nothing but watch and wait until President Trump told you what to do. You had the opportunity to buy ventilators a few years back but decided to use,0,0,1
"I'm not a huge fan of Cuomo, but I like his point here, for sure!",1,0,0
Really starting to like this guy.,1,0,0
"Hey NY, this is CA- you want to form our own country? Hawaii can come too.",0,1,0
OH Hell You Dam Loud Moth Gov . ALL You Arev Doing Is Foaming In The Dam Mouth.,0,0,1
Mitch the maggot has the most punchable face of any politician ever.,1,0,0
#fuck Mitch I love # coumo,0,0,1
I love # coumo,1,0,0
I would seriously like him to consider running for president thorough his value as a governor clearly is indispensable.,1,0,0
The virus killed ALEFANTIS.,0,0,1
I am not American but governor Cuomo is a reasonable man with strong character and excellent leadership and honesty as well. This is the personality that you need during taugh time.,1,0,0
"Good thing we stopped Pelosi from giving all the stimulus to planned parenthood and AOC green new deal pals, or NY would have had zero aid, right?",0,1,0
Republicans sold their country to Putin and the Trumptards think theyâ€™re patriots..._Ÿ˜‚_Ÿ_£,0,0,1
"the electoral college should be based on how much you put, and negative points for those who take out. let's see how republiCUNTS would win.",0,1,0
"Before Trump.. it was United States of America
 Now with Trump.. it seems like.. Divided States of America",1,0,0
"Pelosi gave your money to the IRS and the same failed democrat solar panel lobbyists you did, too .. (instead of buying ventilators as was budgeted for.. Right Andy?",0,0,1
This is why this republican has a lot of respect for this man. He is not reading from a card and believes in what he is saying. Donâ€™t read me wrong. I am not switching sides but I would probably follow this man anywhere.,0,1,0
"Thank You Governor Cuomo!!
 
 MCCONNELL IS AN ANOTHER IDIOT!!!
 
 Governor Cuomo is a fine governor and an strategic genius!
 I kinda wish I lived there because I would definitely vote for him again and again!",1,0,0
CCONNELL IS AN ANOTHER IDIOT!!,0,0,1
New York can't even bail itself out. Cesspool.,0,1,0
"The Republican party is a nasty party of anti-govern., anti-public education; eager to privatize all public lands, personal properties and institutions to all the wealthiest companies & individuals; anti-science, pro-fossil fuel industry (shutdown climate",0,0,1
Always knew Moscow Mitch was a taker...Heâ€™s been bending down and taking it from Trump for the past 3 years...,0,0,1
Cuomo is such a ny. We dont take that bullshit. We telling you as it is. Perioddd.,0,1,0
Im drunk but if the states didnt give money (taxes)... wouldn't there be no federal government? You can see the disconnect between those fucking politicians and the people,0,0,1
Greetings from PIZZAGATE. The pizza is cheap these days.,1,0,0
"The Only 'bailout' from the republicans is to move more tax money to their corporate cronies, everybody else is out in the cold with nothing.
 
 Poor man; waiting for that so called ' stimulus '. I could starve before it gets here, If it ever does.",0,1,0
Trump declared a new war against Corvid-19 & in the middle of the battle he misled & misinform USA citizens continously this TANTAMOUNT TREASON &,0,0,1
I'm just waiting to hear bi+ch mcConnell's response to the dare!,0,1,0
Funny when ever you read Trump tards posts they always call people childish names just like their idol Comrade Trump. Just shows the intelligence of those who follow this sad excuse for a human being _Ÿ·_Ÿ_ƒ_Ÿ˜ˆ_Ÿ·_Ÿ_ƒ_Ÿ˜ˆ_Ÿ·_Ÿ_ƒ_Ÿ˜ˆ_Ÿ·_Ÿ_ƒ_Ÿ˜ˆ_Ÿ·_Ÿimate,1,0,0
Can NY not pay into the pot?,0,1,0
I like how for the thumbnail mitchs picture look like he got caught in a durrr moment and Cuomo looks good. It's almost like there are subconscious messages CNN is trying to project.... Nah they're totally unbiased.,1,0,0
"He speaks the truth, NY is a donor state that has paid billions more then it takes and now it needs some of that back.",1,0,0
"Why does millions of workers becoming unemployed make Democrats happy ?!?
 Apparently , the Democrats no longer care about the working class.",0,0,1
Not one pro McConnell post. Where are the cheese dicks hiding? Obviously from Gov Cuomo and the truth.,0,1,0
"Red republican states donâ€™t pitch in their fair share in the federal pot whatsoever.. Red states use welfare, food stamps and â€˜socialistâ€™ programs.. Not surprise whatsoever. Let Kentucky file bankruptcy. _Ÿ˜‚_Ÿ˜‚ lmaooo",0,1,0
"I'm not sure about your interpretation of what Governor Cuomo is saying.
 John King
 
 1st, Governor Cuomo is a man of Great Dignity
 He withstands the unpresidented President each and every day.
 
 He is always a gentleman
 He has a right to be angry 
 He is bei",1,0,0
"Bout time a blue state governor said this and as a Californian, A NATIVE CALIFORNIAN either pay what we do or shut the fuck up when our state needs our money back. 
 
 
 PS take your homeless folks back too since weâ€™re so bad on the left coast...oh wait yâ",0,1,0
Speak them Facts _Ÿ˜‚,0,1,0
"This is what you get when we elect an real estate hustler, failed casino owner, dean of a fake university, president of a defunct airline, 6 times bankrupt, game show host who loss more than a billion dollars and owes another billion dollars to Russia oli",0,0,1
"why are these reporters not starting to scream at him when starts to insult them, are they really so afraid? If he would call me a faker i would tell him he is lying the whole time, his covid- rally conferences are total joke, he is stupid, not fit for th",0,0,1
"Looks like this is the first time he is bringing the ""Cure of sunlight to the virus"" up with his top medical advisor. He spent more time bitching about the headlines he's getting than the THOUSANDS of American deaths happening ON HIS WATCH!",0,1,0
Trump is a severe disaster than carona virus itself . Sorry .,0,0,1
"He is very obviously mentally ill. The repeating, the sniffing and jerky movements. Heâ€™s suffering from early onset dementia. Can we step in now that heâ€™s telling people to inject cleaners into their bodies? Itâ€™s criminal now! People whom donâ€™t kn",0,0,1
Smart a$$.....,1,0,0
"Canâ€™t believe people actually voted for him, I wouldâ€™ve had Clinton any time instead of this clown, at least we wouldnâ€™t be so embarrassed",0,0,1
Every one knows CNN gives us fake news.,0,0,1
"When trump speaks off script, itâ€™s the best thing on tv right now lol",0,1,0
He likes to spread a selection of rumors. But only the nice good rumors.,0,1,0
"It is very sad. However, given his age and the progressive downturn of his mental abilities, dementia and Alzheimer's come to mind. Given the number of doctors he has contradicted at the expense of the American people, why hasn't any one of the doctors in",0,0,1
"....... But when a long train of abuses and usurpations, pursuing invariably the same object evinces a design to reduce them under absolute despotism, it is their right, it is their duty, to throw off such government, and to provide new guards for their f",0,0,1
"Although, I am not a Trump fan, I believe he is mostly referring to the disinfecting properties of UV light. There are UV light probes used to disinfect nasal passages....",0,0,1
Can't wait to see what the SDNY is planning for Trump after he loses 2020.,0,0,1
"I survived the trump genocide, so far.",1,0,0
"Trump, Lying piece of shit! Sorry, I believe my eyes and ears. You said what you said",0,0,1
Donâ€™t you people realize your choice for a leader reflects on the nation?Just about every democratic country thinks thereâ€™s a problem except America why?,0,0,1
You are safe if you donâ€™t believe cnn .,0,1,0
"Watching this, Americans would probably die laughing their sorry asses out literally, than die from the coronavirus!!!!!!!!_Ÿ˜‚_Ÿ˜·_Ÿ˜¢",0,0,1
Are you ready? Are you ready? TRUMP 2020 !!!!,1,0,0
Anderson is Such a great Reporter! His Investigatve journalism is unmatched.,1,0,0
When you hear this deranged lunatic talk remember that half of this country's citizens are OK with it.,0,0,1
*Mega Spinner!*,0,1,0
How demeaning - just to keep a position close to this irresponsible liar? A mitoman president!,0,0,1
"If a few weeks ago, he had said ""Big shit, no clue, have my seat I'm off"" - The leaders of this world would look up to him as a man of character, incredible professionalism, wisdom and leadership.",0,0,1
"I can't see the bottom of the hole, and yet the digging continues.",0,1,0
Just pile it on to all his other lies heâ€™s been caught in. This definitely wonâ€™t be the last,0,0,1
"You people vote for this thing, holy fuck!!!",0,0,1
Cooper is right ..President idiot lies and makes-up names for people like a 10 year old BOY !!!,0,0,1
"Saying this President and Whitehouse is Pathetic is an understatement, when are we going to say ( enough ) and drag this guy off stage we can not wait till November.",0,0,1
When reporters stop reporting his insults then he will know that no body got his time and he will stop. Immediately they report hos insults he gets happy with it,0,0,1
Even my 3 yr old knows better,0,1,0
"Wow, the Dr.â€™s body language speaks volumes. Fake president.",0,0,1
"Really? He thinks it is appropriate to be joking and using sarcasm, as ppl lay dying? Why?SMH",0,0,1
This is so indefensible that I don't even see the Russian trolls in the comments any more.,0,1,0
"If you recalled, he was named as 'individual one' in one of Michael Cohen indictment. Therefore he's desparate for another 4 years...",0,1,0
"""Who are you going to believe - me or your lying eyes and ears?""",0,0,1
I thought that i was watching SNL with another Trump episode...stupid me _Ÿ¥´,0,1,0
"It's funny how this Anderson Cooper ""Pizza Lover"" puts a lot of effort on finding something to blame on Trump! Dems have so much more guilt of doing really really bad things. Trump knows how to push fake media reporters buttons ! So funny!! "" Are you read",0,0,1
"Why Did Obummer Spend $65,000 Of TAX-PAYERS MONEY To Fly In PIZZA/DOGS From Chicago To The White-House? CNN WON'T TELL!!! PROBABLY INVITED!!",0,1,0
Trump supporter: That dun darn fake media's tryin to fool us. By golly theys can't pull a rug over our eyes. Trump is the best and he's smart. Shucks...theys all trying to bring him down. I'm gon put Mr. Clean in my meth needle and I'm gon feel rootin too,0,0,1
Garbage president with garbage followers.,0,0,1
"Could you guys start gathering information, that I don't already know? Trump lied, yes we know. You've been telling us that for 5 years. How about working on accurate analysis of the policies being presented?",0,1,0
Liar in chief,0,0,1
This is supposed to be our emergency service notification. And Trump is really that ignorant. Every time he back tracked a statement after everyone saw the video is ridiculous. Gaslight 101 â€œyou didnâ€™t hear what you heard â€œ itâ€™s a REAL crime enf,0,0,1
Ignorance & foolishness at it's best yet ppl still follow his butt lol lol shocking,0,0,1
Trump; â€œ I didnâ€™t say what I said. I didnâ€™t do what I did.â€,0,1,0
"I'm not from the USA. What astounds me is that the USA still has this narcissistic psychopath representing them on the world stage, calling himself brilliant by thinking up injecting disinfectant into onefelf. And so on, and so on and so on. I wonder a",0,0,1
"Isnâ€™t sarcasm rude and unprofessional? It used to be last month. 
 Is sarcasm now the official tone of the White House? Should all comments be considered sarcasm? Are announcements all now jokes?
 I can only hope so",0,0,1
Even I knew he wasnâ€™t serious why canâ€™t others see it liberals no idea,0,0,1
The manchild can not help himself. Now he's lashing out once again at reporters.,0,0,1
OMG Donald Trump such an idiot and he don't even realise it.,0,0,1
I'm starting to think that Trump might be a liar.,0,0,1
What a load of bullshit Trump!,0,0,1
Can some slap him on live TV already _Ÿ˜‚,0,0,1
"So now he realises he stuffed up he was not being sarcastic, he is lying AGAIN YET AGAIN WHY DO AMEIRICANS PUT UP WITH IT im flabbergasted no one does a thing, just talk talk talk again. No one does anything, no consequences re these comments. He is not",0,0,1
"At this point, I'm scared to be an American, the trumptard and his administration are trying to kill us, but then I'd be scared to be Mexican, I'd be thrown in a disgusting cage, I'd be scared to be middle eastern, I'd be assassinated, I'd be scared to be",0,0,1
OMFG!!! He is so full of shiote! Supposing somebody hits him up with a â€œcleansingâ€ Lysol enema administered with a garden hose.e,0,0,1
"trump is such a Dick, how can you put up with this garbage",0,0,1
If his mouth is moving...,0,1,0
Look at his hair or should I say head.,0,1,0
He is just an asshole.,0,0,1
Honestly... I'ma move to Guam at this point,0,1,0
OMG this dude is such a liar!!!,0,0,1
"If we..AMERICANS re-elect this f-----g idiot, we deserve whatever shitstorms he creates ...and I'm a registered Republican !!",0,0,1
This is proof that the President knows as much on coronavirus as we all do _Ÿ˜ ( the most inform man the US has )e,0,1,0
I hope he debates Joe and Joe walks over and punches him in the mouth.,0,0,1
The look on her face is priceless ...,1,0,0
Everyone around him is scare shitless. Theyâ€™re afraid if they say something wrong heâ€™s going to fire them. So sad. We need people that arenâ€™t going to blow smoke up our ass. We need the truth no matter how bad it is.,0,0,1
THANKS FOR TRYING PHILIP RUCKER.,0,1,0
There was a big study about washing your hands?,0,1,0
"The only ""real"" news is his twitter account.",0,1,0
"So for sun being harmful, itâ€™s the UV radiation that is so volatile to some viruses and bacteria. It does not kill corona though",0,1,0
"Nancy, get rid of Trump now! Before he kills anymore people!",0,0,1
He is sooooo annoying. Get him out!.,0,0,1
They know he gonna come out & state the exact opposite of wtf he state that's stupid lol,0,0,1
The SUN IS GOING TO BURN Y'ALL UP,0,1,0
This President lies so much that is difficult to believe anything that comes out of his mouth.,0,0,1
"So his response is to channel Pee Wee Herman and say ""I meant to do that""",0,1,0
"Someone bring this guy a bottle of Lysol... drink it up, drink it up.",0,1,0
But how can we respect those scientist who donâ€™t say something ? I donâ€™t.,0,1,0
The Profecianal are Behide Trumdied !! This is Crazy _Ÿ˜œ mini men Small _Ÿ§,0,1,0
"Wow what a moron , only in America . The orange maggot is the most feckless interloper of a potus in modern times .",0,0,1
"The more this clown speaks, the more he exposes his stupidity.",0,0,1
"â€œIn the sky, there is no distinction of east and west; people create distinctions out of their own minds and then believe them to be true.â€
 
 â€” Buddhat",0,1,0
It's like when Chris Cuomo pretended he was in quarantine.,0,1,0
good luck to all the Trump supporters!,0,1,0
This clown trump talks complete bollocks on a daily basis!,0,0,1
"Who are you gonna believe... You're eyes, you're ears, or me!!!!",0,1,0
He thinks he's a good double talker... Or he really doesn't really give a crap about how he talks to us.,0,0,1
CNN ANDERSON COOPER THIS HORRIBLE LEFTY TWAT THE UNITED STATES MUST COME TOGETHER AND BE UNITED !!!,0,0,1
Signe me up for a bleach.. did my anus once it worked. Ask Melania..,0,0,1
"Come in sucker, the jokes on you CNN.",0,0,1
"1:27 ""I thought it was clear"" how stupid and corrupt this guy is even before he got elected. I hope the idiots that elected this fool, proceed to test injecting disinfectant and UV light and heat into their own bodies. Of course I mean that sarcastically,",0,0,1
"Tonald Tonald Tonald dRump. What a poor excuse for your low IQ, for a president!",0,0,1
"hard to believe its actually taken all of this time , years!!
 to call him out !! .... he is an embarrassment .",0,0,1
Even if his lying... If he says something that is wrong.. He's not a medical expert n he should be corrected n american reporter should pls try n put out positive things outside n not spend time finding faults,0,0,1
you fucking retards all like fake news huh?,0,0,1
Trump stop making suggestions - your words off the top of your head make you look simple,0,0,1
"Oh yeah it will kill the virus, and the patient too.",0,0,1
WHAT CAN WE EXPECT THIS UPCOMING FLU SEASON? ANSWER: DEATH BY INFLUENZA!,0,0,1
"Lets go Trump supporters, have rallies in michigan and north carolina asap please, have some lysol injection parties. Because Trump said it was ok to do so.",0,1,0
".....and yet, tens and tens and tens of millions worship the beast.",0,1,0
How many days till the election??,0,1,0
Oh my shit can he get any dumber. He trying to kill people.,0,0,1
"It's like saying if you get Corona, then drink Bacardi 151 because not only does it go into your skin, but blood. If it were that easy, then people would get drunk to kill the virus if that were true! Please don't drink any disinfection or injecting it. I",0,1,0
Trump would love to invent some kind of miracle cure...so he comes up with some BS which everyone knows is dangerous and acts like it's a revelatory miracle cure! It's just unreal!,0,1,0
"With all do respect. President please stop talking craziness. I just couldnâ€™t hear him talking. Please advise him . We are better and smarter than this. Please Lord, protect us all.",0,1,0
"Doesnt Trump realise what position he has?
 He is very dangerous!",0,0,1
"One thing is for sure, if you inject yourself with bleach, it will lessen the gene pool and hopefully you don't reproduce. That is the dumbest thing to do, period. Please don't do it. He was just spitballing dumb stuff, please don't do it.",0,0,1
Thats sarcasm fake news,0,0,1
Sounds like he was asking a question.. but I guess this is more important than doctors actually murdering people by putting them on ventilators. Why is that not the News?.. Trump asking questions.. YouTube comments making jokes about his question.. I bet,0,0,1
Go eat your ice cream let the smart people on the right side take care of this pandemic all the left does is complain n screech while doing nothing yet you all their minions..look at your leaders during this crisis n ask yourself who is doing a better job,0,1,0
This is pure ill. I wonder if my health insurance cover the costs of disinfectant injections or having a light fitted inside my body?,0,0,1
What is more harmful? A stable genius president with his political goals and that much power or a really unstable stupid president leading during a pandemic? Not too easy to answer.,0,0,1
"Trumps got America grabbed by their pussy _Ÿ˜‚
 How does a supposedly educated nation elect this man to be their president?",0,1,0
Everybody needs to thank God that he's not your doctor you will be gone quick injection of Lysol and bleach only a stable genius would say something like that,0,1,0
Arrrghhh this disinfectant tastes vile! Hmmm I wonder if i should inject myself with this lovely smelling Pinewood?,0,1,0
"it is so crazy that this is the person this country has given their lives over too and this fool, it is so clear he lacks anything that resembles a president",0,0,1
6th graders know better than this moron. What an embarrassment.,0,0,1
"He's going to cool his own fan base, well there goes your re-election plans",0,1,0
The stable genius has spoken. #babydicktrump,0,0,1
"How much crazier can this freak show go.
 Can Putin please call it off, surely he's made his point.",0,0,1
He has no sensibility??,0,0,1
"I can't imagine how the families of the 50,000 Americans who have died from this epidemic are dealing with Trump's nonsense. He could not be worse at this.",0,0,1
He probably had tested an injection of Dettol in his asshole....,0,0,1
"When he suggested ""injecting disinfectant to clean the lungs"" EVERY medical professional in that room should have immediately said ""NO, DONT DO THAT!"" Unfortunately they are all walking on eggshells around a psychopath who has and will continue to get Ame",0,1,0
"He says he is a genius...i don't think so...this would be deadly, you stupid genius idiot...you are so dangerous to our country! Go golf and shut the fuck up. Sorry, just fed up with this sick head!",0,0,1
Good lord part of the problem with the administration is those afraid to speak the truth to the guy. When someone dies from trying this it'll be on their heads as well as the head of the snake oil peddler. FIRST DO NO HARM.,0,1,0
The dude is just Reckless,0,0,1
He was just musing out loud which is not good. not at that time.,0,0,1
I love how he keeps repeating the question and then looking over to his right at the lady and each time she's not feeding him so he's getting more and more frustrated and he's leaning more and more at her it's awesome,0,1,0
Go Trump Go to HELL _Ÿ‡¨_Ÿ‡_,0,0,1
There was a leader that had doctors inject bleach into people. His name was Hitler.,0,1,0
"Iâ€™m not a doctor and have experience onley with astma, when Cov 19 appeared I was thinking onley about secondary bacterial infection, therefore I bought onle mullein tea as prevention, if I get corona. 
 I use it when when I have flu, and have no idea if",0,0,1
It wasnâ€™t Me you saw yesterday!!!! Trump,0,1,0
"Choose a clown spect a circus !,",0,1,0
"Trump is a clear and present danger. Wake up, America!",0,0,1
I can not believe this s...t anymore! Am i dreaming or is this the reality?!,0,1,0
DRINK YOUR POISON!,0,1,0
Trump is dangerous. There are Americans who believe everything that comes out of Trump's mouth.,0,0,1
"Well just like Rex Tillerson said "" HE'S A FUCKING MORON"" Poor delusional man! Well if all his followers begin injecting themselves and begin dying..... we all know he will begin saying its those Democrats! Out to get him again!",0,0,1
People 100 years ago would not take him seriously.,0,1,0
Any 5yrs old can shut it down. No need a doctor.,0,1,0
Sarah Connor : . a hypodermic syringe inudated with drain cleaner] I'll pump him full of this sh%t; I swear!,0,1,0
"I don't think that Trump ever graduate form high school or college. For sure his father just paid people off or paid the school off. He also said he doesn't really like to read, its because he doesn't really understand what hes reading and he has a golf",0,1,0
"Biden and liberals say ""Make China Great Again""",0,1,0
It's funny how he looks to blame some one else instead of himself _Ÿ˜‚_Ÿ_” if shit goes wrong,0,1,0
"What you people dont get is that the people who listen to trump and believe him are simply going to say ""Trump said he was exaggerating to get a reaction out of the journalist since he said it after the fact"". They will believe him no matter what he says,",0,1,0
Anybody still don't believe he's idiot? Here is you prove,0,0,1
These two doctors are politely tiptoeing around this topic. They should be clapping their hands to their faces.,0,1,0
"Iâ€™ll consider it only if Trump inject himself with disinfectant and bleach first,",0,1,0
Technically injecting disinfectant into your body would cure Covid19 since the virus can't survive in a dead body long,0,0,1
I'm sure Fauci and Birks are able to do what they do under non crazy people..why do they continue to stand up with 'king Trump' and listen to his lies and misinformation and not throw up on stage,0,0,1
every time people spray disinfectant they are injesting those chemicals through the air,0,1,0
You just know his fans will do it _Ÿ™ˆ_Ÿ™ˆ_Ÿ™ˆ_Ÿ™ˆ_Ÿ™ˆ,0,1,0
He was dead fucking serious.,0,0,1
Remember when we thought we'd never see a president as dumb as Bush again? How stupid the people who follow this clown are.,0,0,1
"Trump is losing it mentally !, as his reckless poor leadership is now reached an all time low , he is cracking under this coronavirus pandemic stress, how irresponsabile of him to sugest that we should be ingesting or should be injected with cleaning s",0,0,1
"Trump said Large amounts of Cocaine will chase the Virus back to China
 He should know He's been chasing for decades. Snort Snort Snort",0,1,0
I prefer injecting myself with unicorn blood,0,1,0
I think Trump is revealing to his voters something they don't want to see. It wouldn't surprise me if millions of Americans withdraw into the psychology of denial and try to dismiss the fact that he is as dumb as f**k when in reality they are confronted w,0,0,1
"Nothing , no comment from Fox or GOP",0,1,0
Cooper is speechless. It just shows the depth of stupidity of trump.,0,0,1
"CUOMO LET PEOPLE DIE IN NURSING HOMES!!!! THEY TOOK SICK PEOPLE AND PUT THEM IN NURSING HOMES!!! 
 YOU WONT HEAR THE TRUTH HERE!!",0,0,1
Until I saw this I thought Brian Kemp was the most stupid man in America,0,0,1
"Trump is a doctor
 
 Dr. Kevorkian.",0,1,0
Bleach in my lungs.....Sounds great. Gotta try it.,0,1,0
FREDO WAS BUSTED BREAKING QUARANTINE!!!! KEEP WATCHING SUCKERS LMFAO,0,0,1
The Stable Genius is telling people how to Kill themselves within a minute._Ÿ’€,0,0,1
"For God's sake, this is what we expect of Dr Mengele, for the delight of his sadistic fascist client -- to inject poisons into the bloodstream - and to sit back to adore the result. No, he has no constraint. Not from his Party, not from the Senate or from",0,0,1
I Watched The Whole Briefing Cooper...You And These IDIOTS Are All LIARS.,0,0,1
FREE BLEACH FOR CNN RETARDS !!!!,0,0,1
Fake President. He is so in over his head.,0,0,1
"sanitize surface with UV light is ok but.... use disinfectant internally is ..... hmmmmm , I am speechless.",0,1,0
Every time the man talks I feel happy I am not American and do not live in the USA. I feel sorry for those people who are looking to this man for guidance.,0,1,0
Watch the actual unbiased video of Trump asking a simple question that anybody could have asked and you will see for yourself how the fake news operates.,0,0,1
Dr. Mengele,0,1,0
Retard,0,0,1
"I remember when really stupid people ""huffed"" spray paint. I hope all the trump MAGAotts now ""huff"" Lysol.",0,0,1
I can't believe these guys are discussing this. Just call it what it is: another brain fart from the orange buffoon..,0,1,0
"Doo-doo-DOO-doo, Doo-doo-DOO-doo. Your next stop, The Twilight Zone!",0,0,1
Oh _Ÿ˜® yeah just try on him first then wee see,0,1,0
Mr trump do you know these glow in the dark plastic toys ? I think heat and light are great at fighting coronavirus too ! What if we heat one of those toys in a pan and THEN inject the liquid ? Thats both heat and light .. now im not a doctor but it sound,0,1,0
Omg we have peter Griffin as our president _Ÿ˜__Ÿ˜__Ÿ˜__Ÿ˜__Ÿ˜__Ÿ˜__Ÿ˜_,0,1,0
I faced palmed myself so f*cking hard I knocked myself out. Do you realize the consequences of such a statement? Sixty million trump supporters may die!,0,0,1
anyone who has link to fox news defending trump on this?,0,1,0
Fake news,0,0,1
"well...wait a sec...what if we just let him suggest this bu@&$&*t and whos dumb enough to trust him will simply, you know, follow the instructions...That would be darwinian and well, why not, they so brave they so free and who are we to stop them right? R",0,0,1
"Thanks, Trump!!! Now Draino suppositories are limited to 2 per customer at Walgreens.",0,1,0
"Honestly, I expect this crap from him. However, the medical professionals who sit there and do not correct him it astonishes me. Come on people is power and success worth it? You sat there making faces but didn't say ANYTHING!?!?! Drink the damn disinfec",0,0,1
Is Trump actually trying to kill his gullible base?,0,0,1
It would be murder pure and simple.,0,0,1
"4:44 ""Follow good public health guidance..."" The issue here is that 'guidance' evolves with time, for example face masks. The title of this ""news"" clip is deceiving, ""Doctors shut down Trump's UV rays, disinfectant claim"". The doctors did not address th",1,0,0
"Mr. Don Don the lights will work. My brother drank my last corona. I was so upset I hit him with my flash light. It knocked the corona right out of him. The next day we were back to sweeping the forest floors.
 PS: I brush my teeth with Ajax and rinse my m",0,0,1
Let's Have a Laugh About the National IQ Test Half of the Public is Failing https://www.youtube.com/watch?v=eea-Z1Fcir0,0,1,0
"You liberals are F-ing morons. Sanjay literally looked to the other doctor for affirmation about not injecting yourself with disinfectant, like he wasnâ€™t sure. Trump is trolling every single one of you and itâ€™s hilarious.",0,0,1
"""Disinfectant injection"" just sounds ridiculous saying that loud. Common sense may not be common so I applaud all outlets, including Lysol, for coming out in front of it continuously just in case those without that sense get discouraged from entertaining",0,1,0
HEADLINE: no shit,0,1,0
"Fuck the CCP, Fuck the WHO, and Fuck Trump",0,0,1
Trump is not ready for anything especially serious issues. Thank God for our frontline heroâ€™s God bless all of them.,1,0,0
"This is Chinaâ€™s fault. How come cnn isnâ€™t blaming them ?
 
 Fake news",0,0,1
"Will someone please tell Trump to shut the f* up about this virus which is novel, and leave comments to the professionals, the medical professionals.",0,1,0
#filmyourhospital,0,1,0
Fredo probably infected a thousand new yorkers when he broke his quarantine .over privileged selfish moron is the second wave.,0,0,1
https://youtu.be/FlLq781z9As,0,1,0
The restrictions or lockdown havent been strong enough. People are still allowed to go out and jog or cycle about... What the hell are you doing?,0,0,1
Sorry uk didnt react strongly enough or early enough. Iam appauled at how the uk have behaved.,0,0,1
Which will be next flu season,0,0,1
InshAllah.... will become ok _Ÿ‘ Soon â˜ï¸_ŸŒ_â˜ï¸ Re -Open â˜ï¸_Ÿ‡¬_Ÿ‡§ â˜ï¸Step by Step â€¢â€¢â€¢ InshAllah _ŸŒ™_Ÿ___ŸŒ™â˜ï¸_ŸŒ™ are you do,1,0,0
Fearmongering and propaganda. Stop lying to people and let's all get back to our lives,0,0,1
I just read that the governor of Florida is LOWERING the number of tests for the state. I'll be damned. We know that the only way to control this is see who needs to be isolated. There has to be a special place in hell for people like deSantis. I never th,0,0,1
"Why are governments not getting companies to manufacture medical supplies in your own country? 
 Stop relying on China or any other country, they YOU are in control!",0,0,1
The second wave really hit China hard didn't you ignorant motherfukers,0,0,1
"Of course you're on standby, you're not doing shit now",0,0,1
On standby means the first wave was not nearly as bad as the fake news CNN said it would be. CNN running around like chickens saying the sky is falling.,0,1,0
Hello CNN is anybody highlighting what black people are going through in China?,0,1,0
"Yeah like 500k first wave? , we just feel for the biggest prank in world history and libtards will protect this for an entire generation mortality rates are now at.5% lower than the common flu",1,0,0
"It is a quiet hospital not on the scale of London. An 84 year old man fell off a trolley and died after a 6 hour trolley wait in October 2019. His daughter says he would still be alive if he had been prioritised, if her pleas for help had not been ignored",0,1,0
The REAL EVIL https://www.youtube.com/watch?v=kvwqZevr1dI,0,0,1
Potential next wave of fake news.,0,0,1
There is a very high chance there's going to be a shit load of disinfectant overdoses deaths .,0,0,1
"In your eyes maybe for for those of us who exercise common sense and don't live off the deep end like the majority of Hollywood, we believe he has done more for America and dug us out of the hole of the Clinton and Obama disaster years. And in all realit",0,1,0
Try stopping the chavs from hopping house to house visiting each other and we might keep the deaths down! If it was only them dying I'd say get on with it!,0,0,1
The satanic global elite are preparing the way for the anti-christ.,0,1,0
"STOP FEAR MONGERING 
 This is despicable. 
 Scared. Scared. Scared. How many times did they use that word? 
 
 Look at the press conference from Dr Erickson in California yesterday. Itâ€™s actual data. Not scary maybes. 
 
 Search Dr. Erickson COVID-19. Itâ€™s",0,0,1
Thank whatever deity is currently listening for the NHS. I would gladly take the tax rise to see them funded properly at last.,1,0,0
"CNN made a huge mistake Friday (4/24/20) morning by saying that at 50,000 coronavirus deaths is more than all the deaths in the Vietnam War.
 WRONG!!!!
 Then they repeated this colossal mistake at 8 am!!!
 58,000 American GIs died in Vietnam!!!!
 Sloppy CNN g",0,0,1
Baaaaaaa baaaaaaaaaaa baaaaaaaaa,0,1,0
I can only imagine their exasperation at people not understanding the gravity of this pandemic.,0,1,0
"It's little consolation, I know, if you're dealing with the sharp end of this pandemic, but the severe cases make up only 3 per cent of the total hospitalized. 20 per cent of those, sadly, will die. But the vast majority will eventually recover, thanks to",0,1,0
No one will ever understand the impact of watching someone die.....the feeling of helplessness is overwhelming.,0,0,1
"Its time to go back to work! 
 https://youtu.be/xfLVxx_lBLU",0,1,0
"Its time to go back to work! 
 https://youtu.be/xfLVxx_lBLU",0,1,0
We once had a soldier who returned from Afghanistan a British soldier and he had a broken jaw and it needed screwing and wiring both sides. A left-wing loony calling himself a doctor told the soldier how ashamed he should be for killing people in Afghanis,0,0,1
Itâ€™s obvious some patient with HIV are been enslaved to the antiviral and other supplementary Orthodox medicine just to help suppress the virus and not a cure. I have been with the virus since 12 years until I was introduce by a blogger who also narrate,0,1,0
it may reduce transmission,0,1,0
do you wear ear plugs in er ?,0,1,0
Brave men and women.,1,0,0
They are showing library pictures. And people die at that hospital every single day and have nothing to do with the coronavirus. I have worked all of these hospitals and I have supervised the majority of them. This is fake news. The library pictures are f,0,0,1
Then the next wave and next wave. The media (I use that term loosely with CNN) needs to stop hyping.,0,0,0
This is fake news. No such story in the U.K. and the hospital I know back to front. fake news CNN the cupboard cable broadcaster,0,0,1
I think the turning works because the majority if your lung mass is in the rear.,0,1,0
Rather misleading title CNN because we are not even though the first wave. Let's instill fear in people to manipulate and control the population with a lockdown that is killing the world economy which will inevitably will kill more people from starvation,0,0,1
DUH!,0,1,0
Joe Biden is a rapist. CNN wonâ€™t cover that story because Democrats are allowed to do it. What other explanation is there after the Kavanaugh saga? There isnâ€™t one.,0,0,1
"This is sad, yes but we have been through things like this before but *way* worse the earth has been to 600 people before and 80 people before so we can surive this!!!!!!",0,0,1
fuck this is sad,0,0,1
According to a Washington D.C. police report. JOE BIDEN SEXUALLY ASSAULTED TARA READE. https://youtu.be/RuiDi1FTSQQ,0,0,1
Conservative leaders in the US and conservative leaders in the UK and the same incompetent response. What could be the common factor? Hmmm. The UK should consider itself lucky that their leaders haven't proposed letting old people die to for the sake of o,0,0,1
"Way more people died from influenza last year, than have died from this and we have a vaccine for the flu.",0,0,1
I wouldn't doubt it if some of the posts here aren't from Sean Hannity,0,1,0
Its not about fear mongering. We have not well prepared on any virus for Vacination/immunization. We need reconsider for future reference on this man-made mess.,0,0,1
Why doesn't the CNN cover the doubling of malaria deaths in Africa or the biblical proportion of hunger related death that will result from the lockdown of countries. I support the NHS and i am proud of them but media outlets and the world health organisa,0,1,0
"CNN Chinese Network News , always takes things out of context , and they Lie a lot .",0,0,1
"Finally, we have an explanation for the Trump Core, they are all brain dead from snorting disinfectant.Â Next he will be nuking hurricanes.",0,0,1
"Incompetent idiots that a personal observation, the U.S has thousands of nuclear weapons, that doesn't mean that the U.S will be involved in a nuclear war tomorrow!",0,0,1
Liberals are the real enemies,0,0,1
FEAR MONGERING BS FAKE NEWS,0,0,1
"Seems like doctors are a dime a dozen these days. 
 Once again CNN is full of lies. Trump was asking about alternative treatments when he spoke of UV and disinfectants , There of course are protocols with testing. Plus, CNN literally accuses the American p",0,0,1
"the first wave isn't over, they will reopen 2 soon and numbers go up to the level 2 weeks ago and they old will die like flies. u have 2 know that NHS is as badly prepared as spain and italy, while germany switzerland austria and the nordic states have p",0,0,1
MiA military section 8 libreoffice librecad cadencevituoso repcrecycle NBC news CBS ABC MSNBC npr msn komo4 kcpq13 kiro7 Donald George McfarLand wmbb511160Lbs pobox5thavenueseattle 810 so.14th street Tacoma Washington State USA studio technition entertain,0,1,0
"sorry , too much hair of the anchor",0,0,1
"ppl gasping for last breaths and you termites don't care. HQC,Zpack,zinc chelate mixed together prophylactically avoids contracting covid, ( just like it does malaria for 65 yrs.) and it cures you in 1-2 days if you do contract cov",0,0,1
Leftists are dressing up in medical scrubs to stage fake counter-protests in Richmond,0,0,1
cnn â€_â€_â€_â€_â€_.. fake news,0,0,1
God please keep them all safe from harm...Bless them all â_u,1,0,0
"Sending prayers! You are so amazing! Saving lives and easing people's pain, and connecting people with their families when they do need to say goodbyes. It is heartwrenching that we are still knee deep in all of this.",1,0,0
"Wouw..this pendamie is SCARY... because it is new, and we don't know nothing about it. That is what is SCARY.
 It is a New-Virus. We must hold on. And we must learn as much as possible about this virus. The same time, we must have patience. ANTIL we have",0,1,0
"Our doctors and health workers need more thanking. There putting their life on the line to fight this virus. Their like the soldiers in a war. Fighting this virus. COVID-19 is no hoax, itâ€™s real and you guys need to stay home. People need to social dist",1,0,0
"Trust CNN to always report bad news but they will never report that UK is starting to flatten the curve and things are getting better,CNN loves to spread panic itâ€™s what they do best.",0,0,1
Stay safe and healthy _Ÿ™https://www.facebook.com/AndrinaStan/videos/274152420262706/,1,0,0
"Fact 1: The overwhelming majority of people do not have any significant risk of dying from COVID-19.
 
 The recent Stanford University antibody study now estimates that the fatality rate if infected is likely 0.1 to 0.2 percent, a risk far lower than previo",0,1,0
When the red Wave hit CNN in November I'm going to come down there and lick the tears off of their faces specially madcows,0,0,1
https://youtu.be/MY8Nfzcn1qQ watch this documentary,0,1,0
"IT HAS NOW EMERGED THAT PHARMACEUTICAL COMPANIES THAT SUPPLY FLU VACCINES DELIBERATELY CONTAMINATED THE FLU VACCINES WITH CORONA VIRUS...IT HAS ALSO EMERGED THAT THE CORONA VIRUS HAS BEEN SPREADING SINCE EARLY 2019 AND GOT WORSE IN THE WINTER, ..",0,0,1
Good luck everyone. We in the US wish you the best. On the other hand I wish we were ready for the FIRST wave. I can't imagine what happens when the second hits,1,0,0
"CNN Fake News, as usual â€” Itâ€™s already been exposed that more people die of the regular flu than they die of the coronavirus â€” This has all been a hoax.",0,0,1
This is fake news!,0,0,1
"What a bunch morons, Trump should order you stupid fucks who listen to cnn to stay at home....... indefinitely.",0,0,1
salute to the warriors Of UK front liners - from singapore,1,0,0
"Living in constant fear and divided down political lines, the globalists are winning.",0,0,1
CNN s<uuuuuuuuuuuuuuuuuuuuuuuuuucks,0,0,1
"Compare this, people concerned about staying healthy, doctors & healthcare professionals worried about caring for people, public officials discussing containing the spread. Meanwhile, across the pond, in the land if the stupid, home of the morons, they f",0,0,1
"CNN ....pmsl, what a load of shit....this is one thread that is full of TV watchers...no hopers",0,0,1
Dr. Erickson COVID-19 Briefing - https://www.youtube.com/watch?v=xfLVxx_lBLU,0,1,0
American Democracy is under attack by Russian money. Wake up America.,0,0,1
CNN seems to be enjoying all of this bad news. Maybe one positive story? Like that our healthcare system didnâ€™t buckle?,1,0,0
"I CAN'T BELIEVE THAT NO ONE IS TALKING ABOUT THIS! You are wearing a mask and a carrier sneezes in your face. You think, ""I have a mask on, I'm protected."" You go home and take off that mask and get it on your hands but you think, ""Yes but, I'm going t",1,0,0
"People need to start asking themselves why are they running from something has that has killed less people in the United States than last years influenza flu virus, and that was with a vaccination already in place. In 2018 1.8 million people died worldwid",0,0,1
Lions and Tigers and Bears Oh My!,0,1,0
"Most developed countries have lot of power, but no brains! If the rulers had a brain, the corona virus would not spread like this.",0,0,1
*Take CNN off air! Fake news must die!*,0,0,1
WE SHOULD MAKE CHINA PAY FOR ALL THAT EVERY COUNTRY HAS SPENT ON THIS VIRUS,0,0,1
"I don't like corona, it's coarse and rough and irritating, and it gets everywhere. I HATE IT!",0,0,1
"Boris: â€œI made it, FUCK everyone else!!â€n",0,0,1
God bless USA,1,0,0
"It's fantasy. Nobody has been to the Moon, and no one will.",0,0,1
There is an army of attorneys investigating Democrats,0,1,0
"Tries to practice social distancing, brings aboard spastic Asian dude",0,1,0
One drop of LSD its all i need to go to the moon plus is much safer.,0,1,0
Take corona to the moon!,0,1,0
ãª ã‚“ ã§ ãˆ ã‚‰ ã° ã‚Œ ãŸneed,0,1,0
"USSR was just fine when they went to space and no Kazakhstanian or Armenian were bitching about ""diversity"" in the space, was no racial agenda as parasites promoting now",0,1,0
Nobody is going anywhere..just go back to mud..,0,1,0
all those fake cries about starving children.. chicommy wasting money on visiting moon,0,0,1
"They should send Don lemon to the Moon, he can give all the aliens mouth hugs or coronavirus whatever comes first",0,1,0
"Diversity and inclusion are essential to modern space research so we're sending Japanese billionaire Yusaku Maezawa into spaceâ€_
 LMAO Yeah CNN Sucks",0,0,1
https://youtu.be/MY8Nfzcn1qQ watch this documentary,0,1,0
"I Was Born On The Moon ! Yes They Do Not Have Federal Government With Their Primary Income Elegal Norcotics & Policies Of Screw Everyone ! Maximum Profits ! 
 Manipulation Kill ,Swindl, Surpressing Populations For Lining Their Pathetic Asses That Are The O",0,0,1
"Let me know if he gets back. Till then, meh",0,0,1
He will bring Kung Flu to space,0,0,1
"*Take CNN off air! Fake news must die!* ;-)
 
 Certainly, they will have Kim Jong-Un on board?",0,0,1
"Lucky people, him and his team of artists.
 They'll be the relatively few humans who will be able to actually take a break from this pandemic.
 lol",1,0,0
"Guns N Roses wrote a song for you lefties. It's called ""November Rain"". And the rain is your tears in 2020",0,0,1
Don Lemon just got back from there. Said he saw trump on the dark side,0,1,0
"""Diversity and inclusion are essential to modern space research and exploration"" I dont see any connection but keep up with the agenda",1,0,0
CIA = CNN,0,1,0
Godspeed.,0,1,0
Send Pelosi instead,0,1,0
"Lmao _Ÿ˜‚_Ÿ˜‚_Ÿ˜‚_Ÿ˜‚_Ÿ˜‚ yea and i just came from uranus _Ÿ_£_Ÿ_£_Ÿ_£_Ÿ_£_Ÿ_£ 
 
 Why do i feel like this project will fizzle or get cancelled like all the other space tourism projects _Ÿ_£_Ÿ_£_Ÿ_£_Ÿ_£_Ÿ_£ man ppl are so stupid",1,0,0
We need Scientific and other fields achievements in daily news ... not only politics please...,0,0,1
"Elon Musk, the cheap pos who donated 5 year old bipap machines, not ventilators he claimed. They couldn't be used. Not to mention he sent crap that didn't work to save the Thai soccer team trapped in a cave. Besides, a diver already saved most all by the",0,0,1
Affirmative action?,0,1,0
Cringe,0,1,0
Hahaha that's if they can penetrate through the dome....iv seen pictures of nuclear bombs mushroom out as its hit the dome....,0,1,0
fake news bitches,0,0,1
I was gonna watch this video but figures it was gonna be full of lies so ill look him up from another outlet,0,0,1
CNN IS FAKE NEWS,0,0,1
BULL SUGAR! The first person to the moon _ŸŒ™ is ALICE KRAMDEN!_Ÿ˜_,0,1,0
"CNN is literally fake news, propaganda, a fifth column, they are EVIL.",0,0,1
Diversity and inclusion are essential to modern space research and exploration. -- Please elaborate on this because i'm not sure what someones race or sex has to do with how smart they are and if their capable humans. When I see this sort of nonsense in,1,0,0
Turns out heat and sunlight kill Coronavirus and the VA study on HCQ not working is flawed and now peer reviewed. What a great Trump is right start to the weekend. Hahaha Fake News CNN and Libtards..,0,1,0
"Sayonara, Maezawa-san! Have a great trip. Sorry if I won't be here to greet you when you come back. There's a made-in-China COVID-19 pandemic going on right now, so all bets are off, you know?",0,1,0
"the world should not sell spy equipment to Vietnam, they serve the purpose of tracking citizens but killing innocent people",0,0,1
"the world should not sell spy equipment to Vietnam, they serve the purpose of tracking citizens but killing innocent people",0,0,1
"the world should not sell spy equipment to Vietnam, they serve the purpose of tracking citizens but killing innocent people",0,0,1
"the world should not sell spy equipment to Vietnam, they serve the purpose of tracking citizens but killing innocent people",0,0,1
He's a Japanese. FYI for those referring him as a Chinese _Ÿ˜’,0,1,0
Asian privileges,0,1,0
fake news cnn. communist news network,0,0,1
so he's going to the moron? The orange moron?,0,0,1
Good morning fake news,0,0,1
Oh what a good choice. Now the moon will have COVID-19,0,1,0
Let him take the socialist democrats with him and leave them there. Socialist AOC and the criminal democrats wanted everyone to stop eating meat. Now the meat plants is closing. HOW MUCH MONEY DID THE DEMOCRATS PAY CHINA TO CREATE THE BIGGEST HOAX IN HIST,0,0,1
Jaha... moon. Sure buddy! Suckers.,0,0,1
As of April 24th 2020 NASA doesn't have the technology or capability to take a human being beyond lower Earth orbit. *FACT,0,0,1
"That's what money do ,$$$$$ WONDER IF HE FED ANYBODY HUNGRY TODAY OR HELPED ANYONE WITH ANY OF THAT MONEY ??????? NOW THATS NEWS WORTHY !!!!!",1,0,0
"Yes Professor, don't go fast enough!!! What did you expect, that work uotherspice- engenering go ALWAYS slow... Always. You was so surprised,. That everybody knew that something is not right. And they knew exactly what it WAS. You do not knew enough abou",0,1,0
Here comes the women and people of color talk . Just shut the fuck up about it and enjoy the AMERICAN accomplishments these people have done . Ofcourse cnn would ruin this with their nasty narratives,0,0,1
"It's crazy, so long nobody has travelled there.",0,0,1
Working for CNN must feel like shit.. Shilling for the worst people on earth like that..,0,0,1
Helloeveryone,0,1,0
All left Wang media is bad,0,0,1
Fox news is good all left Wang media is bad,0,0,1